query,intent
my direct reports ?,people
who are my direct reports,people
who are the direct reports of Ankit Gupta?,people
who is under Raghuram Nimishakavi Venkata's supervision?,people
who works directly under Chris Leung?,people
can you tell me which team members report to Jason Masten?,people
do you know who reports to Brandon Ruf?,people
could you let me know who answers to Enumula Reddy?,people
could you provide a list of individuals who report to Ayush Sharma?,people
who falls under the reporting line of Aishma Gupta?,people
what is the reporting structure under Ruhi Mirza?,people
who does Abhi Verma manage directly?,people
who does Arun Cherian oversee in their department?,people
who are Matt Coffey's subordinates?,people
who are the direct reports of Ankit Prakash in Firozabad?,people
who reports to Jake Trabant in Ulhasnagar?,people
can you tell me which team members report to Tanvi Singh in Bhavnagar?,people
do you know who reports to Paul Traore in Uttar Pradesh?,people
could you let me know who answers to Sanjay Wadge in Ranchi?,people
could you provide a list of individuals who report to Linda Timmons in Rajasthan?,people
who falls under the reporting line of Somto Idigo in Kalyan-Dombivali?,people
what is the reporting structure under Nick Wort in Nellore?,people
who does Kashyap Thacker manage directly in Dhanbad?,people
who does Aashish Narang Cust oversee in their department in Aligarh?,people
who are Achintya Shankhdhar's subordinates in Jammu?,people
who reports to Varun Pant in Akola?,people
team members under Digital CS in Varanasi?,people
who in Kota reports to Amelia Rose Kaderabek?,people
list of people under Divyansh Kumar in Pimpri-Chinchwad?,people
direct reports for Suraj Sharma in Agra?,people
Priyanka Sarkar manages who in Maharashtra?,people
who works for Vibhu Mishra in Kota?,people
Deepak Rawat's team in Punjab?,people
subordinates of Chae Stewart in Rajkot?,people
reporting to Pragya Dadhich in Kalyan-Dombivali?,people
Brian Ball reports Ambattur?,people
who under Krishan Kant Soni in Andhra Pradesh?,people
Austin Lemler team Maharashtra?,people
Aman Rai people Siliguri?,people
reports Diksha Bahuguna Haryana?,people
managed by Himanshu Rana in Maharashtra?,people
Chris Campbell subordinates West Bengal?,people
Twinkle Tiwari workers Kochi?,people
under Nikunj Aggarwal Ghaziabad?,people
team Shubham Taneja Karnataka?,people
Deepak Soni reports Tiruchirappalli?,people
who under Somna Bhardwaj in Jharkhand?,people
reports Bettelee Lambeth Uttar Pradesh?,people
who under John Tauzin?,people
Raman Kumar team?,people
Vidya Pichu people?,people
reports Sahil Kaushik?,people
managed by Amiya Lenka?,people
Mark Rabey subordinates?,people
Kay Lim workers?,people
under Aishma Gupta?,people
team Rishiraj Biswas?,people
who reports to Peeyush Verma?,people
team of Amelia Rose Kaderabek?,people
reports of Anjali Chauhan?,people
who does Allen Liang manage?,people
who works under Jamie Thompson?,people
subordinates of Divya Agrawal?,people
team under Dwight Thompson?,people
direct reports of Melissa Hewitt?,people
who does Lakshmi Joshi lead?,people
who does Brandon Chong oversee?,people
staff of Matt Shea?,people
who is in team of Samiksha Rana?,people
reports for Deepanshu Singhal?,people
reporting line of Don Wight?,people
org below Aimee Abel?,people
who is below Suraj Sharma?,people
juniors of Jordan Katz?,people
direct reports for Santosh Kumar?,people
who answers to Asmita Patidar?,people
hierarchy of Ayushi Singh?,people
who works for Brendan Ballintine?,people
department staff of Aman Rai?,people
reportees of Priyamvada Bhardwaj?,people
org chart of Darien Ngo?,people
who is managed by Manu Bhardwaj?,people
crew of Matt Shea?,people
associates of Tirumala Vasamsetty?,people
staff under Raghuram Nimishakavi Venkata?,people
assistants of Mike Boring?,people
who does Gil Blustein direct?,people
people under Krystal McCann?,people
people of Anirudh R?,people
junior staff of Josh Witty?,people
who belongs to team of Priyanshi Thakur?,people
who works with Ruhi Mirza as report?,people
office team of Vishvajeet Singh?,people
who are team members of Patrick Kilcommons?,people
who falls under Candace Hartman?,people
chain of command for Aayushi Singh?,people
org tree of Jane Manager?,people
who comes under Yash Aggarwal?,people
line reports of Sahil Tyagi?,people
downstream of Udayraj Sathe?,people
who does Phil Lacorte supervise?,people
branch staff of Jane Manager?,people
who works directly under Ankit Gupta?,people
working team of Keara Brosnan?,people
who is guided by Amal Kumar Bharali?,people
support staff of Nirmal Kumat?,people
operating team of Sync Marketo?,people
who does Mukund Ramachandran oversee?,people
lower level of Kristen Best?,people
inner team of Gary Sevounts?,people
who is managed by Kaweesak Boonyapornnad?,people
who does Mike McDermott handle?,people
immediate team of Helen Oleksiv?,people
who does Santosh Kumar lead?,people
who is part of unit of Bala Arun Reddy Vatti?,people
team members list of Jack Berry?,people
who reports upward to Ian Martin?,people
who reports to Reshab Vaigankar in Visakhapatnam?,people
team of Shalvi Johari in Rajasthan?,people
reports of SK Manoharan in Hyderabad?,people
who does Arihant Jain manage in Uttar Pradesh?,people
who works under Daniel Kim in Gwalior?,people
subordinates of Justin Pena in Punjab?,people
team under Jeanne Mickey in Gwalior?,people
direct reports of Keara Brosnan in Firozabad?,people
who does Faiz Kamran lead in Bikaner?,people
who does Harsh Dubey oversee in Karnataka?,people
staff of Somna Bhardwaj in Rajasthan?,people
who is in team of Nick Rose in Chhattisgarh?,people
reports for Ankur Arora in Rajasthan?,people
reporting line of Celia Madden in Firozabad?,people
org below Rajan Talwar in Kalyan-Dombivali?,people
who is below Pinku Kumar in Vijayawada?,people
juniors of Jeri Feng in Kozhikode?,people
direct reports for Robert Pearson in Uttarakhand?,people
who answers to Chirag Arora in Patiala?,people
hierarchy of Nitin Jain in Karnataka?,people
who works for Bala Kasiviswanathan in Tamil Nadu?,people
department staff of Mike Villett in Mysore?,people
reportees of Sai Varma in Sangli-Miraj and Kupwad?,people
org chart of Sanjay Wadge in Madurai?,people
who is managed by Sahil Tyagi in Maheshtala?,people
crew of Vijai Shankar in Gulbarga?,people
associates of Ankit Prakash in Rajpur Sonarpur?,people
staff under Candace Hartman in Kanpur?,people
assistants of Jason Morris in Bihar?,people
who does Mohammad Zaid direct in Jammu?,people
people under Sahil Tyagi in Madhya Pradesh?,people
people of Fay Karchagani in Haryana?,people
junior staff of Udayraj Sathe in Karnataka?,people
who belongs to team of Alok Kumar in Chhattisgarh?,people
office team of Christina Monson in Maharashtra?,people
who are team members of Carolyn Clark in Ajmer?,people
who falls under Tanya Chawla in Tirupur?,people
chain of command for Rahul Verma in Uttar Pradesh?,people
org tree of Austin Lemler in Ambattur?,people
who comes under Krati Singhal in Karnataka?,people
line reports of Harsh Dubey in Pune?,people
downstream of Andre Gerard in Moradabad?,people
who does John Ennis supervise in Uttar Pradesh?,people
branch staff of Harsh Verma in Gujarat?,people
who works directly under Sanjay Wadge in Maharashtra?,people
working team of Sean Coleman in Maharashtra?,people
who is guided by Rahul Verma in Kerala?,people
support staff of Aashish Narang Cust in Jammu?,people
operating team of Tarun Singh in Kolkata?,people
who does Parinay Prateek oversee in Firozabad?,people
lower level of Ankur Gupta in Thiruvananthapuram?,people
inner team of Shivani Chauhan in Chandigarh?,people
who is managed by Priyanka Sarkar in Aligarh?,people
who does Ben Elder handle in Lucknow?,people
immediate team of Rishiraj Biswas in Vijayawada?,people
who does Keara Brosnan lead in Chhattisgarh?,people
who is part of unit of Andrei Zhukov in Maharashtra?,people
team members list of Kleavin Howatt in Raipur?,people
who reports upward to Mahima Varshney in Maharashtra?,people
team under Kay Dugger in Tripura?,people
my manager?,people
who is my manager ?,people
who is Abhishek Saini manager?,people
who is Vishal Sharma's supervisor?,people
can you tell me who manages Deepak Soni?,people
who is in charge of Randy Womack?,people
who does Siddharth Sharma report to?,people
i'd like to know Aaron Levermann's team leader; who is it?,people
who oversees Anjana Menon?,people
who is Makenzie Shaw's boss?,people
who is ritankar Paul's department head?,people
can you provide the name of Bharat Madaan's manager?,people
who is responsible for Harleen Mehta?,people
who's Srinija Jilla's boss?,people
Brendan Patterson's manager?,people
who handles Nick Perdomo?,people
Melanie Okada's supervisor?,people
who's in charge of Prince Gola?,people
who's Rohit Kumar answer to?,people
Robert Strohmeyer's head?,people
who's above Brad Jager?,people
Adam Laker's boss name?,people
who's Niyati Jain report to?,people
who's Kay Dugger under?,people
Monica Zhang's lead?,people
in charge of Prasanna Mishra?,people
who manages Andre Gerard?,people
Sourya Kaushik's go-to?,people
point person for Akanksha Kumari?,people
Diksha Bahuguna's overseer?,people
who's Andrew Williamson's higher-up?,people
Anuj Gupta's superior?,people
head honcho for Parinay Prateek?,people
"Adil Shamim's boss, who?",people
manager of Shubham Jain?,people
Asmita Patidar reports to who?,people
supervisor for Noah Smithson?,people
Anjana Menon's chief?,people
overseer of Charan B?,people
who heads Douglas Fehrmann II?,people
Abhi Verma's managing person?,people
John Ennis works for who?,people
who manages Ana Ajzele?,people
who is the boss of Brendan Ballintine?,people
who does Rana Singh report to?,people
direct manager of Dawn Farhi?,people
line manager for Ankit Prakash?,people
who is Don Wight's overseer?,people
leadership above Sohan Swain?,people
who is over Kunal Shukla?,people
authority above Kleavin Howatt?,people
manager above Himanshu Rana?,people
who is head of Yashi Gupta?,people
leader of Christine Davis?,people
superior officer of Poorvi Shukla?,people
whose command is Nilesh Thakur under?,people
who supervises Nick Wort?,people
who directs MacKenzie Crow?,people
head of Mike McDermott?,people
immediate manager of Matt Coffey?,people
higher authority for Matt Shea?,people
who controls Nivika Malhotra?,people
executive above Shubham Garg?,people
admin over Monica Zhang?,people
who oversees Shubham Bhardwaj?,people
who leads Dhruv Vashist?,people
top boss of Adam Laker?,people
who is senior to Sahil Garg?,people
managing authority of Christy Schoon?,people
guidance for Brianna Dougherty comes from who?,people
who commands Rhonda Orman?,people
manager in charge of Jake German?,people
management over Dan Gallo?,people
who has charge of Harsh Dubey?,people
accountable manager for Lokesh Kumar?,people
to whom does Tanya Chawla report?,people
who is in charge of Brendan Ballintine?,people
which manager has Nazim Akhtar?,people
whose team includes Kevin Cox?,people
head responsible for Anna Korniienko?,people
reporting manager of Sadi Hussain?,people
who directs work of Daniel Batista?,people
who handles Amange Al-Jaf?,people
supervisor assigned to Sahil Tyagi?,people
senior officer of Raghav Tyagi?,people
top manager of Vikrant Naik Gaonkar?,people
leader responsible for Mohammad Zaid?,people
to which manager is Samiksha Rana assigned?,people
who is responsible for Shubham Jain?,people
who leads over Anna McDonald?,people
chain of command above Renisha Dias?,people
senior in charge of Vedran Rutnik?,people
who controls work of Rajesh Saini?,people
who gives orders to Vikram Singh?,people
whose supervision is Mahir Kukreja under?,people
who directs tasks of Shashank Verma?,people
who has authority over Austin Lemler?,people
who manages the work of Biswajit Das?,people
whose leadership is Madhavi Polepeddi under?,people
head responsible above Himanshu Shekher?,people
who is higher authority for Sachin Verulkar?,people
who governs Jason Li?,people
boss responsible for Aaron Levermann?,people
who is at the top of Yulling Tsai?,people
management head of Raj Kishan Rawat?,people
supervisor responsible for Tarun Singh?,people
who is commander of Chris Campbell?,people
who directs and manages Bharat Madaan?,people
who is over and above Yatin Manchanda?,people
to whom is Sudarshan Shenoy answerable?,people
manager who oversees Arbind Kumar?,people
whose authority is Daniel Kim under?,people
executive responsible for Laxman Kaande?,people
who guides Mike McDermott?,people
whose management is Mayank Sethi under?,people
who has power over Jason Li?,people
who is main manager of Pranshu Gupta?,people
whose supervision guides Anisha Agarwal?,people
who is superior to Rafael Lupian?,people
under whose charge is Rohit Kumar?,people
who heads work of PiyushCust RajputMer?,people
who is administrative head for Shubham Jain?,people
higher manager of Neha Sharma?,people
lead for Rishiraj Biswas?,people
who monitors Dawn Devine?,people
whose direction does Parul Sharma follow?,people
responsible manager for Adarsha P?,people
who has leadership over Brandon Ruf?,people
manager handling Dominic Giuliani?,people
supervisor managing Vineet Kane?,people
boss in charge of Evan Kibert?,people
leader accountable for Raghav Sharma?,people
who runs Ansh Dhingra?,people
head assigned to Claire Sharif?,people
immediate superior of Trinh Dao?,people
who commands over Shaun Spinelli?,people
who controls activities of Ankur Khandelwal?,people
who heads the team of Pranshu Gupta?,people
to whom is Rishabh Ahuja responsible?,people
senior head of Jaime Rodriguez?,people
authority guiding Rajesh Saini?,people
overhead manager of Soham Ratilal Munot?,people
head leader for Palak Rathor?,people
who acts as boss for Adarsha P?,people
top authority over Samiksha Rana?,people
senior guide of Rachana Pandey?,people
chief manager for Raghav Takkar?,people
overall manager for Vikrant Naik Gaonkar?,people
who has seniority over Kleavin Howatt?,people
leadership assigned to Dawn Farhi?,people
who has responsibility over Sopan Mittal?,people
reporting authority for Ashish Narang?,people
managing lead for Rahul Verma?,people
who is directing Sandeep Kasar?,people
under whose leadership is Keerthana Ks?,people
who is accountable for Neha Manhas?,people
commanding officer for Sarah Swanberg?,people
main boss of Mike McDermott?,people
manager who guides Abhishek Saini?,people
head managing Rajesh Saini?,people
who does Mike McDermott answer to?,people
whose control is Shashank Verma under?,people
responsible head for Siddharth Sharma?,people
leader in charge of Priti Sharma?,people
who controls and guides Julian Dye?,people
which head manages Reshab Vaigankar?,people
senior authority over Koji Moy?,people
direct boss of Service Account?,people
who is Darien Ngo's reporting authority?,people
who is above Kaweesak Boonyapornnad in hierarchy?,people
manager allocated to Manju Bhardwaj?,people
head overseeing Kumar Shubham?,people
authority responsible for John Tauzin?,people
who all are my peers?,people
my peers ?,people
who are peers of Divyansh Arya ?,people
who are Tarun Singh's peers?,people
who are Joe Matten's compeers?,people
who are Hilary Somers's coevals?,people
who are Krishan Kant Soni's coequals?,people
who are the peers of Maggie Moran?,people
who are the compeers of Kevin Clifford?,people
who are the coevals of Saurav Rawat?,people
who are the coequals of Akash Chauhan?,people
who are the colleagues or peers of Santosh Kumar?,people
who are the other coevals working alongside Rhonda Orman?,people
"within this organization, who are considered Rakshita Jain's peers?",people
who are the contemporaries of Shahir Ali T Azeez?,people
who are the colleagues of Anmol Srivastava?,people
who are the others at the same level as Prathyusha Aparacheruvu?,people
who are the counterparts of Ankur Arora?,people
who are Shubham Jain's professional equals?,people
who are Marija Sakic Alic's fellow professionals?,people
Chandra Mohan Yadav's peers ?,people
Kim Luu compeers ?,people
who are peers of Nick Rose from Nanded Waghala?,people
who are the colleagues at the same level as Anshuman Borkakoti in West Bengal?,people
who in Maheshtala constitutes Vishal Sharma's network of peers?,people
who are Pushker Yadav's professional equals from Hubli and Dharwad?,people
can you identify other coequals working alongside Andre Gerard in Karnataka?,people
"who, from Tirunelveli, are considered Aayushi Singh's professional compeers or coequals?",people
Freny Fernandes's coequals in Vijayawada?,people
Aashish Narang Cust's compeers in Ujjain?,people
Rhonda Orman's peers in Saharanpur?,people
who are Siddharth Sharma's work peers in Jalandhar?,people
who's Adarsha P's colleagues or peers in Odisha?,people
name some peers of PiyushCust RajputMer in Agartala.,people
who's at the same rank as Mayur Gaikwad in Nellore?,people
who are peers of Austin Lemler who joined on 03-07-2024?,people
peers of Shashank Tripathi joined on 01/01/2013?,people
compeers of Insights Integration joined on 01 January 2018?,people
coequals of Christine Robertson joined on 2016-01-01?,people
colleagues at same level as Rajat Gupta joined on 07/03/2024?,people
who's Sonali Gupta's colleagues or peers who joined on 01/01/2024?,people
who's at the same rank as Sync Marketo who joined on  01/01/2019?,people
name some peers of Shashank Tripathi who joined on 01/01/2023.,people
can you identify other coequals working alongside Sahil Tyagi who joined on 01/01/2013?,people
who are Chris Leung's professional equals who joined on 01/01/2020?,people
who all who joined on 2022-01-01 network of peers of Kay Dugger ?,people
who are peers of Arun Cherian from Bihar who joined on 2018-01-01?,people
who are the colleagues at the same level as Parag Kulkarni in Punjab who joined on 01/01/2021?,people
who in Kalyan-Dombivali who joined on 01/01/2024 constitutes Amit Gupta's network of peers?,people
who are Gargi Pawar's professional equals from Odisha who joined on 15/10/2015?,people
can you identify other coequals working alongside G N Vishaar in Cuttack who joined on 01 January 2021?,people
"who, from Guwahati, joined on 01/01/2020 are considered Rachel Smith's professional compeers or coequals?",people
Navdeep Yadav's coequals in West Bengal joined on 01/01/2016?,people
Surendra Padala's compeers in Maharashtra joined on 01/01/2018?,people
Bettelee Lambeth's peers in Kerala joined on 01/01/2022?,people
who are Sandeep Singh's work peers joined on 01 January 2013 in Punjab?,people
who's Cate Beggins's colleagues or peers joined on 01/01/2024 in Rajasthan?,people
name some peers of Enumula Reddy in Uttar Pradesh who joined on 2016-01-01?.,people
who's at the same rank as Abhishek Kumar in Jodhpur who joined on 01/01/2021?,people
who are peers of Huy Nguyen working as TA Ops Specialist ?,people
peers of Tony Tarantino working as Senior Technical Support Engineer ?,people
compeers of Vladyslav Komarov working as Associate Test Engineer ?,people
"coequals of Justin Pena working as VP, Sales Enablement ?",people
Senior IT Engineer who are Palak Rathor peers?,people
Support Operations Manager who are Randy Womack compeers?,people
"Sr. Manager, SaaS Applications who are Andrea Rowland coequals?",people
who are the colleagues at the same level as Douglas Fehrmann II working as Sr. Project Manager?,people
"Director, Implementation Consulting constitutes Reema Sarah Thomas's network of peers?",people
"who are Shivangi Srivastava's professional equals who are Director, Dev Ops?",people
"can you identify other coequals working alongside Jamie Yan who are SVP, Sales?",people
who are all Sr. Marketing Coordinator considered Jamie Yan's professional compeers or coequals?,people
who are John Tauzin's work peers working as Technical Program Manager?,people
who's Michael Berger's colleagues or peers working as Sr. Solutions Consultant?,people
name some peers of Randy Womack working as Sr. Accounting Manager.,people
who's at the same rank as Chae Stewart who work as Support Operations Manager?,people
"who are peers of Akanksha Kumari working as Principal Product Manager, Employee Virtual Assistant from Gulbarga?",people
who are the compeers of Bettelee Lambeth working as Chief Executive Officer from Maharashtra?,people
compeers of Makenzie Shaw working as Strategy & Operations Manager from Kerala?,people
coequals of Sandeep Kasar working as SMB Account Executive from Aligarh?,people
peers of Ashish Narang working as Revenue Operations Specialist from Uttar Pradesh?,people
who are the coequals of Monica Zhang working as Senior IT Engineer from Kolhapur?,people
who are the peers of Harish Rathor working as RFP Manager from Jalandhar?,people
"who, in Kozhikode, are Gargi Pawar's compeers working as Revenue Ops Analyst?",people
"who, in Hubli and Dharwad, are Mary Cate Thalgott's peers who work as Architect Testing?",people
"who, in Agartala, are Rishab Surana's coequals work as Principal Design Architect?",people
who are Anmol Varshney's professional compeers working as Lead Test Engineer in Ujjain?,people
professional compeers of Nick Stipinovich working as RFP Manager in Aligarh?,people
"who are Fay Karchagani's professional peers working as VP, User Experience in Guntur?",people
professional peers of Aman Mehrat working as Architect Testing in Gujarat?,people
who are Ravina Habbu's professional coequals working as Principal Product Manager in Jaipur?,people
professional coequals of Allison Schuchart working as Marketing Copywriter in Tamil Nadu?,people
who are Jeff Schiller's professional coequals working as Lead Graphic Designer in Gaya?,people
identify Patrick Kilcommons's peers working as ABM Sr. Marketing Manager from Pimpri-Chinchwad.,people
" Diksha Bahuguna's compeers or coequals working as Product Management Director, Enterprise Search from Bihar.",people
who are peers of Evan Warner working as Information Security Engineer who joined on 01/01/2024?,people
who are the compeers of Marko Kostervajn working as Business Development Rep who joined on 01/01/2014?,people
"who are the coequals of Rajat Verma working as Senior Director, Professional Services who joined on 01/01/2018?",people
identify Sourya Kaushik's compeers working as Chief Info Security Officer who joined on 01/01/2014.,people
identify Mayank Sethi's coequals working as Credit & Collections Analyst who joined on 01/01/2016.,people
Madhavi Polepeddi's peers working as Sales Development Manager who joined on 01/01/2022.,people
Priyanshi Thakur's compeers as Credit & Collections Analyst from 01/01/2016?,people
Aayushi Singh's coequals as Principal Design Architect from 01/01/2022?,people
"John Tauzin's peers as Senior Executive, People Ops from 01/01/2015?",people
Christine Davis's professional compeers as Chief Insights Officer joining on 01 January 2014?,people
who are Tatyana Grinenko's professional coequals as Lead Graphic Designer joining on 01/01/2020?,people
who are Kevin Cox's professional peers as Technical Support Lead joining on 10/15/2015?,people
who in the same role as Justin Ryckebusch joined on 2021-01-01?,people
"from 01/01/2024, who are the compeers of Kanika Arora working as Digital Customer Success Program Manager?",people
who are peers of Ivan Kos from Lucknow working as Sr. Marketing Programs Manager who joined on 01/01/2022?,people
who are the compeers of Tarunesh Kumar Gautam from Karnataka working as Sr. Compensation Analyst who joined on 01/01/2017?,people
who are the coequals of William Cope from Uttar Pradesh working as Sr. Implementation Consultant who joined on 01/01/2020?,people
who are the peers of Ajay Singh from Gaya working as Support Operations Manager who joined on 01 January 2015?,people
identify Linnea Yeazel's compeers from Mira and Bhayander working as Architect who joined on 2020-01-01.,people
identify Neha Singla's coequals from Ranchi working as Team Lead who joined on 2024-01-01.,people
"identify Christine Davis's peers from Allahabad working as VP, Total Rewards, HRIS & Operations who joined on 01/01/2014.",people
Danyelle Kent's compeers from Tamil Nadu working as Business Development Rep who joined on 01 January 2024?,people
Rafael Lupian's coequals from Maharashtra working as Value Consulting Director who joined on 03/07/2024?,people
Digital CS's peers from Bellary working as Lead Graphic Designer who joined on 01/01/2022?,people
who else from Kanpur joined as Billing and Revenue Specialist on 01/01/2022 who are peers of Andrea Rowland ?,people
who are Ana Ajzele's professional compeers from Salem as Mid Market Account Executive joining on 15 October 2015?,people
"who are Rishiraj Biswas's professional coequals from Uttar Pradesh as Software Engineer, Front End joining on 01/01/2013?",people
"who are Pranshu Gupta's professional peers from Uttar Pradesh as Director, Dev Ops joining on 01/01/2016?",people
"compeers from Kolhapur working as Director, Customer Success who joined with Jennell Dill on 2018-01-01?",people
peers from Moradabad working as Project Manager who joined with Prathyusha Aparacheruvu on 01/01/2023?,people
who else from Uttar Pradesh joined as Creative Director on 01/01/2017 who are compeers of Shubhada Gayakwad ?,people
who else from Meerut joined as Senior Web Developer on 01/01/2015 who are coequals of Pratik Yagnik ?,people
coequals from Warangal working as Team Lead who joined with Rishiraj Biswas on 01/01/2018?,people
who works at the same level as Brianna Dougherty?,people
who shares Viviana Serrato Sotelo position?,people
who are Luciano Ferrari equals?,people
who holds the same role as Deepak Rawat?,people
who matches Tanmay Lanjewar in hierarchy?,people
same level colleagues for Sahil Kaushik?,people
who is alongside Pranshu Gupta?,people
who is parallel to Mary Cate Thalgott?,people
who stands equal to Reema Sarah Thomas?,people
who ranks equal to Calvin Lee?,people
who is on par with Mike McDermott?,people
peers list for Elliot Egharevba?,people
show me Krystal McCann peers?,people
give Pragya Dadhich equals?,people
identify peers of Manju Bhardwaj?,people
which people are same rank as Anmol Srivastava?,people
whose role matches Shambhavi Belligatti?,people
colleagues at Kaweesak Boonyapornnad level?,people
equal rank colleagues of PiyushCust RajputMer?,people
same designation as Tarun Singh?,people
who matches the title of Kamal Sharma?,people
who has peer role to Abhishek Singh?,people
whose grade equals Somna Bhardwaj?,people
who are coworkers equal to Elliot Egharevba?,people
equals of Bala Arun Reddy Vatti in company?,people
list Kashyap Thacker professional equals?,people
who is co-level with Digital CS?,people
same tier staff as Monica Zhang?,people
parallel role to Amanda Pham?,people
at Dawn Farhi level who else works?,people
who is on same ladder as Amit Kumar?,people
workplace peers of Pooja Pathak?,people
give coequals of Mike Villett?,people
give me colleagues of Krati Singhal?,people
anyone peer with Miriam Connaughton?,people
who are in same job band as Lindsey Egan?,people
colleague group with Shubham Bhardwaj?,people
who works parallel to John Kelly?,people
same level team for Mayur Gaikwad?,people
who is contemporary to Suraj Sharma?,people
peers standing with Darien Ngo?,people
other peers for Raghav Takkar?,people
show peers of Sanjla Sindhwani?,people
list out Miriam Connaughton peers?,people
colleagues beside Sanjay Wadge?,people
equals in role of Jamie Yan?,people
peer circle for Danyelle Kent?,people
who are fellow colleagues with Jane Manager?,people
identify equals of Dario Kaja?,people
list coequals for Ajay Singh?,people
same level workers with Mike Boring?,people
others working with Sevanthika S at peer level?,people
team peers with Jeri Feng?,people
who matches Michael Minner seniority?,people
show coworkers equal to Anthony Mazur?,people
colleagues at peer level to Jordan Katz?,people
who else holds peer position of Makenzie Shaw?,people
equals to Justin Pena in office?,people
company peers of Arun Cherian?,people
job peers of Arihant Jain?,people
who are parallel peers of Evan Warner?,people
same group as Akanksha Kumari?,people
who has peer relation with Krishna Varanasi?,people
same job tier as Don Wight?,people
professional peers of Adam Laker?,people
work equals of Rahul Panchal?,people
who works peer to Eric Tine?,people
any colleague peer to Monica Zhang?,people
same designation peers of Sandeep Kasar?,people
coworkers same level as John Kim?,people
office peers of App Integrations?,people
job equals of Darien Ngo?,people
professional equals with Priyanka Sarkar?,people
equal coworkers of Harshita Hajela?,people
same rung colleagues as Kaitlin Stouter?,people
rank equals of Kevin Plaza?,people
peers aligned with Harsh Dubey?,people
peers sitting with Neeral Singh?,people
other equals to Aaron Levermann?,people
fellow peers of Brandon Ruf?,people
colleagues sharing rank with Vikash Tiwari?,people
list peers under Vedant Mehrotra level?,people
equals at Melanie Okada designation?,people
equal grade staff with Som Agarwal?,people
identify coworkers same as Kanish Gandhi?,people
colleague equals Shubham Singh?,people
professional level equals of Allen Liang?,people
peers in company for Divya Agrawal?,people
equal status workers with Krishna Varanasi?,people
list same role colleagues of Deepak Rawat?,people
other equals who match Katie Fred?,people
name Abhishek Singh colleagues?,people
who are coworkers peer of Piyush Rajput?,people
peers standing in same band as Pankaj Sharma?,people
equal level staff alongside Josh Topel?,people
who shares equal grade with Steve Glass?,people
contemporary staff to Anna McDonald?,people
name equals of Sandeep Singh?,people
equal coworkers as Dario Kaja?,people
equals with Vinay Gautam role?,people
show same level employees with Ankur Khandelwal?,people
list coworkers with Nikhil Kumar role?,people
who works in peer line with Breana Raffel?,people
give list of equals for Raghav Takkar?,people
peers in Chhattisgarh with Sachin Verulkar?,people
who equals Joe Matten in Navi Mumbai?,people
colleagues at Sandeep Kasar level in Tamil Nadu?,people
which peers are with Kamal Sharma in Bihar?,people
peers for Ritika Trehan in Bikaner?,people
who is equal to Robert Pearson in Odisha?,people
professional peers of Bhavana Mahalwal in Uttar Pradesh?,people
contemporaries of Rohan Mondal in Punjab?,people
equal grade workers with Shubham Taneja in Bellary?,people
team peers with Ankur Gupta in Mumbai?,people
coworkers alongside Mark Terifaj in Nanded Waghala?,people
fellow equals of Lani Moreno in Mumbai?,people
same role as Tushar Gosalia in Tirunelveli?,people
other equals of Urushi Rajput in Karnataka?,people
who is at the same level as Akshaya Joshi?,people
who shares the position with Davin Wilfrid?,people
who are equals of Shubham Singh?,people
who holds the same role as Tirumala Vasamsetty?,people
who matches Aman Mehrat in hierarchy?,people
same level colleagues of Brandon Ruf?,people
who is alongside Talissa Davis?,people
who is parallel to Sean Coleman?,people
who stands equal to Chris Campbell?,people
who ranks equal to Abhishek Singh?,people
who is on par with Divya Agrawal?,people
peers list of Kaitlin Stouter?,people
show peers of Edward Estandarte?,people
give equals of Ankit Gupta?,people
identify peers of Lokesh Kumar?,people
which people are at the same rank as Linda Timmons?,people
whose role matches Sabika Nazim?,people
colleagues at the level of Ajay Singh?,people
equal rank colleagues of Pranshu Gupta?,people
same designation as Rajat Verma?,people
who matches the title of Sean Coleman?,people
who has a peer role to Sonu Kumar?,people
whose grade equals Justin Ryckebusch?,people
who are coworkers equal to Shashank Tripathi?,people
equals of Brandon Sides in the company?,people
list professional equals of Brandon Ruf?,people
who is co-level with Divya Jain?,people
same tier staff as Mary Cate Thalgott?,people
parallel role to Amit Kumar?,people
at Yawei Liang level who else works?,people
who is on the same ladder as Lakshay Gupta?,people
workplace peers of Pushpak Anand?,people
give coequals of Rachana Pandey?,people
give me colleagues of Chandra Mohan Yadav?,people
anyone peer with Sachin Verulkar?,people
who is in the same job band as Randall Kerr?,people
colleague group with Sabika Nazim?,people
who works parallel to Somto Idigo?,people
same level team as Rohit Kumar?,people
who is contemporary to Anna McDonald?,people
peers standing with Krishna Kant Kaira?,people
other peers of Arun Cherian?,people
show equal colleagues of Aman Kumar Mishra?,people
list out peers of Neeral Singh?,people
colleagues beside Shubham Garg?,people
equals in the role of Jake Patterson?,people
peer circle of Harsh Dubey?,people
who are fellow colleagues of Monica Zhang?,people
identify equals of Anagh Desai?,people
list coequals of Laxman Kaande?,people
same level workers as Ritvik Singh?,people
others working with Yulling Tsai at peer level?,people
team peers with Dhruv Vashist?,people
who matches Shoba Elaiyavalli in seniority?,people
show coworkers equal to Tony Tarantino?,people
colleagues at peer level to Cate Beggins?,people
who else holds peer position of Aykut Firat?,people
equals of Shambhavi Belligatti in office?,people
company peers of Clyde Noronha?,people
job peers of Laxman Kaande?,people
who are parallel peers of Sergey Desyatkov?,people
same group as Cindy Yee?,people
who has peer relation with Somna Bhardwaj?,people
same job tier as Deepak Rawat?,people
professional peers of Kashyap Thacker?,people
work equals of Julian Dye?,people
who works peer to Shubham Garg?,people
any colleague peer to Ravikanti Vamshi Krishna?,people
same designation peers of Anjana Menon?,people
coworkers at the same level as Mike Messinger?,people
office peers of Harjinder Singh?,people
job equals of Nick Stipinovich?,people
professional equals of Sarah Swanberg?,people
equal coworkers of SK Manoharan?,people
same rung colleagues as Varun Pant?,people
rank equals of Julian Dye?,people
peers aligned with Arbind Kumar?,people
peers working with Pushpak Anand?,people
other equals of Mukund Ramachandran?,people
fellow peers of Robert Strohmeyer?,people
colleagues sharing rank with Varun Pant?,people
list peers under Neeral Singh level?,people
equals at Josh Topel designation?,people
equal grade staff with Priyamvada Bhardwaj?,people
identify coworkers same as John Kelly?,people
colleague equals of Michelle Yek?,people
professional level equals of Elliot Egharevba?,people
peers in company for Kanika Arora?,people
equal status workers with Devraj Gurjar?,people
list same role colleagues of Eric Noe?,people
other equals who match Christian Martinez?,people
name colleagues of Eric Noe?,people
who are coworkers at peer level with CX Provisioning Team?,people
peers standing in the same band as Brooke Narin?,people
equal level staff alongside Parinay Prateek?,people
who shares equal grade with Kevin Wu?,people
contemporary staff to Ravi Kiran Kanneganti?,people
name equals of Yawei Liang?,people
equal coworkers as Tirumala Vasamsetty?,people
equals with the role of Nikhil Kumar?,people
show same level employees with Sync Marketo?,people
list coworkers with the role of Himanshu Shekher?,people
who works in the peer line with Nivika Malhotra?,people
give list of equals for Courtney Tavernit?,people
peers in the city with Senthil Kumar Arumugam?,people
who equals Shubham Jain in the city?,people
colleagues at Twinkle Tiwari level in the city?,people
which peers are with Raghuram Nimishakavi Venkata in the city?,people
peers for Matthew Rawls in the city?,people
who is equal to Jeff Ganthavorn in the city?,people
professional peers of Kulwinder Singh in the city?,people
contemporaries of Ansh Dhingra in the city?,people
equal grade workers with Aman Rai in the city?,people
team peers with Kevin Plaza in the city?,people
coworkers alongside Sachin Verulkar in the city?,people
fellow equals of Vaibhav Chauhan in the city?,people
same role as Jaimik Patel in the city?,people
other equals of Deepak Soni in the city?,people
equals of Alejandro Escudero in the department?,people
peers in the department with Nandini Seth?,people
colleagues at the same grade as Lucas Kehs?,people
list equals for Neha Manhas in the department?,people
Lucas Kehs?,people
RFP Manager?,people
who is Christina Monson?,people
who exactly is Senthil Kumar Arumugam?,people
can you tell me who Sumit Suman is?,people
i'd like to know more about Divyansh Kumar; who are they?,people
could you provide some details about Adam Laker?,people
who's Jason Morris?,people
what do you know about Mohd Hassaan?,people
"who is K Amrish, exactly?",people
could you enlighten me about Jaken Lindenmeyer?,people
who is People Ops Specialist?,people
who is the current Sr. HR Business Partner?,people
"can you tell me who holds the title of HR, Business Partner?",people
who is known as the Senior Data Scientist?,people
who is known as the Sr. Project Manager expert?,people
who presently serves as the Sr. Compensation Analyst?,people
i'd like to know who the Sr. Marketing Coordinator is.,people
who's recognized as the ABM Sr. Marketing Manager?,people
could you inform me about the current Value Consulting Director?,people
"who is acting as the VP, Revenue Operations right now?",people
who has the position of Senior Program Manager?,people
can you provide details on who the Associate Product Manager is?,people
who's Mid Market Account Executive?,people
who holds the Product Manager spot?,people
current Accountant?,people
who is Brent Soffey working in Recognition?,people
who is Nivika Malhotra in the Security?,people
can you tell me who Suzanne McReynolds is in the Internal Communications?,people
what's Ivan Kos's role in the Content Strategy?,people
can you explain who Yatin Manchanda is in the Content Strategy?,people
who's Tony Tarantino and what do they do in Internal Communications?,people
who's Adil Shamim in Internal Communications?,people
Arbind Kumar in Legal? who's that?,people
what's Shubham Garg do in Technical Support?,people
what does Lean Data do in Technical Support?,people
Vaibhav Chauhan working in Product Management ?,people
Andrea Macek Kessler working in Content Strategy who joined on 01/01/2019?,people
Ravikanti Vamshi Krishna in Platform Services since 2024-01-01?,people
Davin Wilfrid working in Finance from 2022-01-02?,people
who's Nirmal Kumat in Field Marketing joined on 01/01/2013?,people
Mayank Sethi from Operations Strategy joined 01/01/2016?,people
Vivianne Lauslahti in Customer Experience starting 01 January 2022?,people
Salil Bhatnagar working in Product since 2022-01-01?,people
info on Adnan Pathan in Digital Marketing who started from 01/01/2023?,people
Tushar Gosalia at Strategy & Planning since 01 January 2016?,people
Kumar Chandra Shekhar in Internal Communications who joined on 01/01/2021?,people
Abhimanyu Yadav in People Partners started 01/01/2024?,people
employees working from Tamil Nadu?,people
who's working from Gujarat?,people
employees in Meerut?,people
who's based in Nagpur?,people
who works out of Uttar Pradesh?,people
staff from Jamshedpur?,people
employees located in Jabalpur?,people
team members in Bhilai Nagar?,people
folks working in Maharashtra?,people
folks working from Rajasthan?,people
Associate Software Engineer working from Coimbatore?,people
"Senior Specialist, Motion Graphics expert working from Surat?",people
any Revenue Ops Manager in Guwahati?,people
Sr. Marketing Programs Manager based in Maharashtra?,people
Lead Designer out of Pune?,people
"VP, Account Management located in Odisha?",people
Credit & Collections Analyst expert located in Vijayawada?,people
Senior Customer Success Manager in Rajkot?,people
Commercial Account Manager expert in Ajmer?,people
"any SVP, Engineering working in Gaya?",people
any Consultant expert working in Maharashtra?,people
ABM Sr. Marketing Manager from Surat?,people
Workplace Specialist expert from Jammu?,people
Creative Director working in Data Science?,people
"any VP, Customer Success in Demand Generation?",people
who's the Credit & Collections Analyst in People Partners?,people
Sr. Software Engineer working in Site Reliability Engineering?,people
Software Engineer from Legal?,people
any Senior IT Engineer in Accounting?,people
Account Manager in Facilities who?,people
"VP, Commercial & SMB Sales currently in Corporate Communications?",people
TA Ops Specialist working in Digital Marketing joined on 2015-01-01?,people
Chief Technology Officer in Recognition since 2017-01-01?,people
who's the Senior Solutions Consultant in Corporate Communications from 2013-01-01?,people
Senior Field Marketing Manager working in Design as of 01 January 2024?,people
Data Scientist in Facilities joined on 01/01/2021?,people
"Executive, Talent Acquisition in Finance starting 03 July 2024?",people
any Value Consulting Director in Legal from 01/01/2014?,people
"Senior Director, Professional Services in Product since 01/01/2013?",people
who's Assistant Controller in Strategy & Planning joined 01/01/2023?,people
"Director, Data Engineering in Rev Ops starting on 01 January 2021?",people
Marketing Intern joining Internal Communications on 01 January 2016?,people
Reshab Vaigankar working as Marketing Operations and Analytics Director?,people
Hilary Somers—Commercial Account Manager?,people
Andre Gerard in the position of Marketing Copywriter?,people
Parul Sharma acting as Senior Customer Success Manager?,people
Siddharth Sharma works as AP Specialist?,people
Adam Laker working as Sr. Product Platform Manager who joined on 01/01/2021?,people
Ryn Orman working as Workplace Specialist since 01 January 2024?,people
is Shaun Spinelli the Lead Frontend Engineer who joined on 01/01/2022?,people
Sachin Verulkar—Project Manager from 01/01/2018?,people
Josh Topel's role as Chief Insights Officer starting 15 October 2015?,people
Mohammad Zaid in the position of Engineering Manager since 2023-01-01?,people
"Jay Chitnis working as Principal, Product Marketing from 2016-01-01?",people
Caroline Henderson—Sales Development Manager joined on 01/01/2023?,people
"Ivan Kos acting as Director, Product Management from 2016-01-01?",people
Ajay Hada working as Project Manager working in Accounting ?,people
Chandra Mohan Yadav working as Sr. Compensation Analyst in Technical Support?,people
is Somna Bhardwaj the AP Specialist in Internal Communications?,people
Jeff Schiller—Credit & Collections Analyst in Site Reliability Engineering?,people
Nivika Malhotra is a Program Manager in Customer Success?,people
Satyam Singh Bhadoria's role as RVP Enterprise Sales in Product Management?,people
Sathiya Priya working as Principal Product Manager in Facilities?,people
Anshuman Srinivasan—Senior Customer Success Manager at Mobile?,people
does John Tauzin work as Sr. Demand Generation Writer in Operations Strategy?,people
Jeff Ganthavorn—Credit & Collections Analyst from IT?,people
"is Theodore Surjo the VP, Corporate Marketing at Professional Services?",people
employees working in Professional Services?,people
employees in Corporate Communications?,people
who's working in Product Marketing?,people
staff in Site Reliability Engineering?,people
who works in Platform Services?,people
team members in Content Strategy?,people
who's in Sales & Field Operations?,people
people from Strategy & Planning?,people
workers in Mobile?,people
who's part of Engineering?,people
employees working in Field Marketing joined on 01/01/2013?,people
employees in Security since 01/01/2013?,people
who joined Customer Experience on 01 January 2017?,people
staff in Content Strategy from 01/01/2018?,people
who started in Field Marketing on 10/15/2015?,people
team members in Operations Strategy since 01/01/2022?,people
who's in Sales Development from 01 January 2013?,people
anyone in Operations Strategy since 01/01/2022?,people
people in Customer Experience joined on 01 January 2022?,people
workers in UX Research since 01 January 2022?,people
who's part of Sales Development from 01/01/2016?,people
all employees joined on 01/01/2016?,people
all employees since 01 January 2024?,people
who joined on 01/01/2022?,people
staff who started on 01/01/2018?,people
employees from 01/01/2022?,people
team members since 01/01/2018?,people
anyone join on 01 January 2013?,people
people who started on 01/01/2013?,people
workers from 2024-01-01?,people
who joined the team on 2022-01-01?,people
all hires from 01/01/2013?,people
FP&A Director joined on 01/01/2016?,people
"Sr. Director, Technical Support since 2022-01-01?",people
who's the Office Manager joined on 2015-10-15?,people
Mid Market Account Executive from 01 January 2014?,people
"SVP, Customer Experience started on 01/01/2022?",people
any Digital Marketing Sr. Manager since 01 January 2015?,people
"VP, Customer Success joining date 01/01/2019?",people
People Ops Specialist who joined on 01/01/2024?,people
Sr. Product Platform Manager from 01/01/2022?,people
who's the AWS Migration Lead as of 15/10/2015?,people
Sr. Marketing Coordinator hired on 01/01/2013?,people
employees joined in Vasai-Virar on 01/01/2018?,people
employees in Gujarat since 2014-01-01?,people
who joined in Rajasthan on 15 October 2015?,people
staff in Maharashtra from 2021-01-01?,people
who started in Aurangabad on 01 January 2018?,people
team members in Tamil Nadu since 01/01/2016?,people
anyone join in Gulbarga on 2024-07-03?,people
workers in Karnataka from 01 January 2022?,people
all hires in Nashik on 2015-10-15?,people
new employees in Pimpri-Chinchwad since 01 January 2020?,people
can you help me find my details ?,people
my details ?,people
find my details,people
who is Shubhada Gayakwad?,people
"who is VP, Sales Enablement?",people
who exactly is Rajat Verma?,people
can you tell me who Debasish Gayen is?,people
i'd like to know more about Tom Economou,people
could you provide details about Jordan Katz?,people
what do you know about Abhishek Singh?,people
can you enlighten me about Rajesh Saini?,people
can you identify Shashank Tripathi?,people
do you know who Harshith K.N is?,people
provide information on Gargi Pawar,people
tell me about Suzanne McReynolds,people
any details about Sushree Nayak?,people
background of Neha Singla?,people
who might Amelia Rose Kaderabek be?,people
how do you describe Nirosha Yadla?,people
can you explain who Melanie Okada is?,people
share insights on Kanish Gandhi,people
give me details about Gaurav Gupta,people
clarify who Melissa Hewitt is?,people
can you outline who Melissa Hewitt is?,people
what is the profile of Reena Khokhar?,people
i'd like details on Ansh Dhingra,people
tell me who Viviana Serrato Sotelo is?,people
could you define Neeral Singh?,people
what is known about Prince Gola?,people
give a short intro on Andrea Macek Kessler,people
introduce me to Danyelle Kent,people
give some context about Courtney Tavernit,people
please describe Kleavin Howatt,people
quick details on Ankit Prakash?,people
overview of Anmol Srivastava,people
summarize Nikhil Kumar,people
what can you share about Linda Timmons?,people
basic details on Parinay Prateek?,people
what role does Danyelle Kent have?,people
tell me the identity of Vikash Tiwari,people
can you brief me about John Kelly?,people
highlight details of Manu Bhardwaj,people
identity of Krishna Varanasi?,people
give info on Aaron Levermann,people
who goes by Somna Bhardwaj?,people
any info on Sushree Nayak?,people
description of Kevin Wu?,people
how is Shivani Juwarkar identified?,people
what is Brad Jager known for?,people
introduce Deepak Rawat,people
can you share about Noah Smithson?,people
profile of Naresh Waswani?,people
what is the role of App Integrations?,people
could you profile Randy Womack?,people
in short who is Sync Marketo?,people
tell me in brief about Anjali Chauhan,people
Siddharth Kumar Singh is who?,people
how do we know Matt Coffey?,people
what position is held by Jason Masten?,people
do you recognize Suzanne McReynolds?,people
who does Sonali Gupta refer to?,people
identity details of Krati Singhal?,people
i'd like to identify Evan Warner,people
could you clarify who Michael Berger is?,people
explain Shashiraj Sendhav,people
help me know about Kristen Best,people
background of Neha Sharma?,people
information on Justin Ryckebusch?,people
provide a description of Celia Madden,people
enlighten me about Rishab Surana,people
who currently is Commercial Account Manager?,people
"identify Sr. Director, Architecture?",people
"give me the name of Senior Manager,Technical Support",people
who carries the role of Customer Success Manager?,people
do you know the Sr. Marketing Programs Manager?,people
tell me who is Data Scientist,people
who is acting as Program Manager?,people
details about Sales Enablement Manager?,people
current holder of Senior Architect?,people
which person is Content Marketing Director?,people
name the Digital Advertising Manager,people
do you know who is Test Engineer?,people
can you confirm who is Senior Product Manager?,people
who is fulfilling the Principal Solutions Consultant role?,people
who is the present Customer Success Manager?,people
"who is appointed as VP, Solutions Consulting?",people
"which individual is the Sr. Director, Technical Support?",people
"point out the HR, Business Partner",people
who works as RVP SMB?,people
who is responsible as Sales Enablement Manager?,people
"which employee is Director, Engineering?",people
who is holding Implementation Consultant?,people
"who is engaged as Director, Implementation Consulting?",people
who is serving as Sr. Customer Success Manager?,people
i'd like to know the Chief People & Experience Officer,people
"recognized RVP, EMEA is who?",people
who plays the role of Sr. Customer Success Manager?,people
who operates as Architect?,people
"present Software Engineer, Front End is who?",people
"inform me of the Director, Dev Ops",people
who has responsibility of Sales Development Manager?,people
could you name the Product Manager?,people
which person acts as Value Consulting Director?,people
who executes the Senior Solutions Consultant role?,people
"who is the official VP, Product Management?",people
who is in charge as Snr Customer Success Mgr?,people
list the current Sales Development Rep,people
"do you have details of the VP, Engineering?",people
who is assigned as Lead Technical Architect?,people
can you highlight the Senior Solutions Consultant?,people
i'd like information about the Technical Support Engineer,people
identify current Program Manager?,people
who takes the role of Senior Software Engineer?,people
Program Manager is who?,people
"name who is Software Engineer, Front End",people
"enlighten me on the Director, Data Engineering",people
help me know the Sr. Project Manager,people
could you profile the Program Manager?,people
"who is designated VP, Engineering?",people
which one is the Sr. Test Engineer?,people
presently who is Value Consulting Director?,people
give me info on the Lead Software Engineer,people
clarify the Billing and Revenue Specialist,people
who is acknowledged as Senior Solutions Consultant?,people
who is the acting Senior Data Scientist?,people
who is filling in as Program Manager?,people
find user research resources,search
search persona library,search
look up persona library,search
find creator of simpplifier gif,search
download simpplifier gif,search
get employee newsletter updates,search
find newsletter performance improvements,search
search newsletter smart blocks,search
video playback speed options,search
survey sharing feature info,search
survey availability on platforms,search
copy survey url,search
compare ms teams and slack,search
end-user role summaries,search
enable show excerpt toggle,search
show excerpt toggle details,search
custom summary field info,search
custom summary vs show excerpt,search
web development performance improvements,search
website performance analysis,search
reduce javascript bundle size,search
benefits of smaller bundle,search
tools for bundle analysis,search
annapurna smart feed info,search
access annapurna smart feed,search
persona documentation,search
setup persona library,search
is persona library open source,search
contribute to persona library,search
latest version of persona library,search
download persona library,search
use persona in project,search
persona key features,search
purpose of persona library,search
persona tutorial,search
available surveys,search
share surveys with team,search
best user research practices,search
user research definition,search
importance of user research,search
user research methods,search
how to conduct user research,search
user research templates,search
tools for user research,search
guides for user research,search
user research challenges,search
analyze user research data,search
learn about user research,search
user research goals,search
qualitative user research,search
quantitative user research,search
recruit participants for research,search
user research vs usability test,search
optimize web application,search
code splitting techniques,search
lazy loading techniques,search
reduce website load time,search
web caching strategies,search
web performance best practices,search
track website performance metrics,search
lighthouse vs webpagetest,search
core web vitals info,search
improve core web vitals,search
performance impact on seo,search
image optimization techniques,search
content delivery network info,search
cdn benefits,search
browser caching info,search
javascript minification,search
tree shaking in javascript,search
measure js execution time,search
bundle analyzer tools,search
compress images for web,search
responsive image techniques,search
lazy loading images,search
prefetching vs preloading,search
server side rendering,search
static site generation,search
hydration in web apps,search
single page applications,search
progressive web apps,search
service workers in pwas,search
push notifications in pwas,search
offline functionality in pwas,search
pwa manifest file,search
pwa advantages,search
spa vs pwa,search
dom optimization,search
frontend performance optimization,search
critical rendering path,search
optimize critical rendering path,search
webpack code splitting,search
react lazy loading,search
react memoization,search
react profiler info,search
improve react performance,search
virtual dom explanation,search
react reconciliation,search
react hooks info,search
hooks effect on performance,search
new react features,search
react suspense feature,search
concurrent mode in react,search
server components in react,search
chrome devtools performance,search
flame chart explanation,search
network throttling techniques,search
simulate slow network,search
lazy evaluation in javascript,search
debounce vs throttle explanation,search
implement debounce in javascript,search
implement throttle in javascript,search
benefits of debounce and throttle,search
performance now vs date now,search
detect long tasks,search
requestidlecallback info,search
web workers usage,search
web worker performance,search
limitations of web workers,search
data transfer to web workers,search
shared worker info,search
service worker caching strategies,search
background sync in service workers,search
web worker vs service worker,search
user research resources,search
persona library location,search
persona library meaning,search
file creator details,search
download simpplifier gif,search
employee newsletter updates,search
newsletter performance improvements,search
newsletter smart blocks,search
video playback options,search
survey sharing feature,search

survey availability platforms,search
manual survey link copy,search
ms teams vs slack,search
end-user role summaries,search
enable show excerpt,search
show excerpt meaning,search
custom summary empty,search
custom summary vs show excerpt,search
web development improvements,search
website performance analysis,search
reduce js bundle size,search
bundle size benefits,search
bundle size tools,search
annapurna smart feed,search
access smart feed,search
persona docs,search
persona setup,search
persona open source,search
contribute persona,search
persona latest version,search
persona download,search
persona project usage,search
persona features,search
persona purpose,search
persona tutorial,search
available surveys,search
share surveys,search
user research practices,search
user research definition,search
importance of user research,search
user research methods,search
conduct user research,search
user research templates,search
user research tools,search
user research guides,search
user research challenges,search
analyze research data,search
learn user research,search
goals of research,search
qualitative research,search
quantitative research,search
recruit research participants,search
research vs usability test,search
app optimization,search
code splitting,search
lazy loading,search
reduce load time,search
web caching,search
performance best practices,search
track web metrics,search
lighthouse vs webpagetest,search
core web vitals,search
improve core vitals,search
seo and performance,search
image optimization,search
cdn meaning,search
cdn benefits,search
browser caching,search
code minification,search
tree shaking,search
js execution time,search
bundle analyzer,search
bundle analysis tools,search
compress images,search
responsive images,search
lazy load images,search
prefetching,search
preloading,search
prefetch vs preload,search
server side rendering,search
static site generation,search
hydration,search
single page apps,search
progressive web apps,search
service workers,search
push notifications,search
offline pwas,search
manifest file,search
pwa advantages,search
spa vs pwa,search
dom optimization,search
frontend performance,search
critical rendering path,search
optimize rendering path,search
webpack code splitting,search
react lazy loading,search
react memoization,search
react profiler,search
react performance,search
virtual dom,search
reconciliation,search
react hooks,search
hooks performance,search
react new features,search
react suspense,search
concurrent mode,search
server components,search
chrome performance tools,search
flame chart,search
network throttling,search
slow network test,search
lazy evaluation,search
debounce vs throttle,search
debounce code,search
throttle code,search
debounce benefits,search
performance now vs date now,search
long tasks,search
detect long tasks,search
requestidlecallback,search
web workers,search
worker performance,search
worker limits,search
data transfer workers,search
shared worker,search
service worker caching,search
background sync,search
worker vs service worker,search
what are the simpplr com slides?,search
what are the meddpicc slides?,search
where can i find the download link for the simpplr com slides?,search
where can i find the download link for the meddpicc slides?,search
what is the recent campaign regarding an alternative to workplace by meta?,search
what are the key points of the recent campaign regarding an alternative to workplace by meta?,search
what features does the alternative to workplace by meta offer?,search
what is the purpose of the recent campaign about the alternative to workplace by meta?,search
how does the alternative to workplace by meta compare to the original workplace by meta?,search
what are the details about the custom fields supported by people sync?,search
how many custom fields does people sync support?,search
where can i find the custom profile fields in people sync?,search
what resources are available for user research?,search
where can i find the persona library?,search
what is the persona library?,search
who created the 'get to know a simpplifier opening (2).gif' file?,search
can i download the 'get to know a simpplifier opening (2).gif' file?,search
what are the latest updates on the employee newsletter?,search
what performance improvements are included in the employee newsletter?,search
what new features are available in the employee newsletter's content smart blocks?,search
what are the new playback speed options for videos?,search
what is the new feature for sharing surveys to slack or ms teams?,search
is the survey sharing feature available on salesforce and aws platforms?,search
how can i manually copy the survey url for sharing?,search
what are the differences between ms teams and slack?,search
what are the new summaries for end-user roles?,search
how do i enable the 'show excerpt' toggle in newsletters?,search
what does the 'show excerpt' toggle do in newsletters?,search
what happens if the 'custom summary' field is not filled out in newsletters?,search
how does the 'custom summary' field interact with the 'show excerpt' toggle?,search
what are the latest performance improvements in web development?,search
how can i analyze performance improvements for my website?,search
what techniques can be used to reduce javascript bundle size?,search
what are the benefits of reducing javascript bundle size?,search
are there tools available for analyzing javascript bundle size?,search
what is the annapurna smart feed?,search
is there any documentation available for the annapurna smart feed?,search
how can i submit content for social media promotion?,search
what is the process for submitting content for social media promotion?,search
what happens after i submit the content for social media promotion?,search
what are the next steps after i submit the form for social media promotion?,search
what is the bug-a-thon event?,search
when and where is the bug-a-thon event held?,search
what are the stats and results of the bug-a-thon event?,search
where can i find the statistics and results of the bug-a-thon event?,search
what are the important bookmarks for customer success managers?,search
can you provide links to important bookmarks for customer success managers?,search
what is the csm onboarding buddy structure?,search
what are the key items to review in the first week of onboarding?,search
what are international data privacy laws?,search
which countries have international data privacy laws?,search
what are the key features of international data privacy laws?,search
how do international data privacy laws vary by country?,search
what are the implications of international data privacy laws for businesses?,search
how can i get the latest salesforce security certifications?,search
what is the process to download the documents?,search
what are the securityscorecard ratings of our competitors?,search
what is the business impact of employee engagement according to gallup?,search
what is a value assessment?,search
how can i get started with a value assessment?,search
what browsers are supported by simpplr?,search
are older versions of these browsers supported by simpplr?,search
what is 100 handshakes training?,search
is there a recording available for the 100 handshakes training?,search
what are the requirements for sending a v1 rva to intellicap?,search
what specific format should i follow when sending a v1 rva to intellicap?,search
what is rko?,search
where can i find the value assessment summaries?,search
are the account names anonymized in the value assessment summaries?,search
what are the aws backups for the zeus solution?,search
what logs are available for the zeus solution in aws?,search
what are the application logs for the zeus solution?,search
what other activity logs are available for the zeus solution?,search
what is the simpplr wkly sync?,search
"what are the key takeaways from the april 4, 2024 meeting?",search
what is the backyard feature in simpplr?,search
how does the backyard feature in simpplr help in creating a global community?,search
what are the benefits of the backyard feature in simpplr for community engagement?,search
"what is the summary of the simpplr wkly sync recap from april 11, 2024?",search
what is the fy2025 arr goal?,search
"what were the key takeaways from the simpplr wkly sync on april 18, 2024?",search
"what were the major customer wins from the simpplr wkly sync on april 18, 2024?",search
where can i find the latest simpplr sync recap?,search
how can i access the slides from the simpplr sync?,search
what is the simpplr next initiative?,search
what are the goals of the simpplr next initiative?,search
why was aws chosen for the simpplr next initiative?,search
what are the benefits of using aws for initiatives like simpplr next?,search
what is the solutions consulting site playbook?,search
what are the key components of the solutions consulting site playbook?,search
who is the site owner for the solutions consulting site playbook?,search
how can i access the solutions consulting site playbook?,search
where can i find the environment details for zeus uptodate instances?,search
what is the latest bi-weekly status update on the next initiative?,search
how can i ask questions about the next initiative update?,search
how do i set up slack integration for my site?,search
what are the steps to configure slack integration for a team channel?,search
is there a guide for setting up slack integration?,search
how can i configure slack for my team channel?,search
how do i update my working hours in calendly?,search
do i need to set date overrides for holidays in calendly?,search
what are the different provisioning methods available?,search
what are the different deprovisioning methods available?,search
can you explain jit provisioning?,search
what is the importance of provisioning and deprovisioning in it?,search
when does the us open enrollment period start and end?,search
do i need to do anything if i don't want to make changes to my benefits?,search
how do i submit a verification of employment request?,search
what is the process for submitting a verification of employment request?,search
how long does it take to process a verification of employment request?,search
what factors affect the processing time of a verification of employment request?,search
what training resources are available for gainsight?,search
can you list some courses available for end users in gainsight?,search
what is the workflow for managing pending and solved tickets?,search
how should pending tickets be handled in a ticketing system?,search
what are the best practices for resolving solved tickets?,search
what should be done if a customer is no longer responsive?,search
how can unresponsive customers be managed in a ticketing system?,search
where can i find the updated 2022 state of internal communications ebook?,search
what updates have been made to the 2022 state of internal communications report?,search
how can i get immediate help for critical issues?,search
is this service available on weekends?,search
can customers perform a network vulnerability assessment on systems?,search
what are the policies for salesforce?,search
what are the policies for aws?,search
where can i find the documentation for salesforce policies?,search
where can i find the documentation for aws policies?,search
what is the site manager / content manager training option 4?,search
how do i rsvp for an event?,search
who were the winners of the annual bugathon?,search
how many bugs were closed during the annual bugathon?,search
what are the key components of an account plan?,search
what best practices should i follow when creating an account plan?,search
what common mistakes should i avoid when developing an account plan?,search
how do i assess the needs of my clients when creating an account plan?,search
what tools can help me in creating an effective account plan?,search
how do i begin using the ae loss interview guide?,search
what steps should i follow after conducting the interview using the ae loss interview guide?,search
what are the options for site manager training?,search
what are the options for content manager training?,search
how can i sign up for site manager training?,search
how can i sign up for content manager training?,search
what details are available for site manager training?,search
what details are available for content manager training?,search
what is the bugathon event?,search
when is the bugathon event scheduled?,search
where will the bugathon event take place?,search
who is eligible to participate in the bugathon event?,search
what activities are included in the bugathon event?,search
how can i register for the bugathon event?,search
what are the prizes for the bugathon event?,search
what is the bdr of q1 fy2025?,search
what opportunities did alejandro deliver in q1 fy2025?,search
what are the highlights of the gartner digital workplace event in london?,search
who will be attending the gartner digital workplace event from simpplr?,search
what are the latest bi-weekly status updates on the next initiative?,search
where can i find in-depth notes on each workstream?,search
what is the maternity leave and benefit policy in india?,search
what is the u.s. open enrollment with sequoia one?,search
how can i access the open enrollment site?,search
where can i find the platform performance status information?,search
can you provide the links to the status pages?,search
what is the process for handling soc 2 requests?,search
who is the main point of contact for soc-related questions?,search
what are soc 2 requests?,search
how do i submit a soc 2 request?,search
what information is needed for soc 2 requests?,search
what are the responsibilities of the main point of contact for soc-related questions?,search
what are the customer segments defined for the cx team?,search
how have the customer segments for the cx team evolved recently?,search
what are some example notification emails from simpplr?,search
where can i find the link to simpplr's notification emails?,search
what are the expectations for a site manager in the new backyard site structure?,search
what are the responsibilities of a site manager?,search
is there any certification required for site managers?,search
what qualifications are needed to become a site manager?,search
are there specific training programs for site managers?,search
what is the site manager / content manager training option 5?,search
what are the training options available for site manager / content manager?,search
what is the comparison of simpplr vs. workvivo from the gartner critical capabilities report?,search
where can i get a copy of the full gartner critical capabilities report?,search
what are the customer support options available during research sessions?,search
what is the global library nomenclature for components?,search
how does the global library nomenclature categorize components?,search
what are the general layers in the global library nomenclature?,search
what icons are used in the global library nomenclature?,search
how are layers and icons represented in the global library nomenclature?,search
how can i view the recognition activity for my team?,search
what are the audience creation limits?,search
what attributes can be used in audience creation?,search
who was the keynote speaker at the prsa employee communications connect24 conference?,search
what was the theme of the prsa employee communications connect24 conference?,search
what are the details on the anonymized rva for the energy company?,search
what is the anonymized rva for media companies?,search
how is the anonymized rva calculated for media companies?,search
what are the implications of anonymized rva for media companies?,search
what is the anonymized rva for the automotive company?,search
how is the anonymized rva calculated for automotive companies?,search
what does the anonymized rva indicate for the automotive industry?,search
can you provide examples of anonymized rva in the automotive sector?,search
what are the requirements for using attributes in audience creation?,search
who are the simpplr staff attending the prsa employee communications connect24 conference?,search
what is the prsa employee communications connect24 conference?,search
when is the prsa employee communications connect24 conference taking place?,search
where is the prsa employee communications connect24 conference being held?,search
what topics will be discussed at the prsa employee communications connect24 conference?,search
what is the customer experience team?,search
what are the main functions of the customer experience team?,search
how can i get started with the customer experience team?,search
where can i find onboarding resources for the customer experience team?,search
what materials are available for onboarding in the customer experience team?,search
how do i enable the listener suite on a demo environment?,search
what information do i need to provide to enable the listener suite on a demo environment?,search
what are the steps to enable the listener suite on a demo environment?,search
what custom services does simpplr offer?,search
what types of custom services are available from simpplr?,search
where can i find a diagram of the simpplr solution architecture?,search
who owns the document related to the simpplr solution architecture?,search
what are the general tasks for new hires?,search
what tasks should i complete as a new employee?,search
where can i find the must read content for new hires?,search
what essential reading materials should new employees review?,search
how do i update my contact information in carta?,search
where can i find the link to update my contact information in carta?,search
how do i locate the expiration date of my salesforce demo org?,search
what happens if i miss the expiration date of my salesforce demo org?,search
what are the backyard office hours?,search
how do i book a slot at the backyard?,search
what is the site manager / content manager training about?,search
what are the requirements for the site manager / content manager training?,search
where is the site manager / content manager training being held?,search
when is the site manager / content manager training scheduled?,search
how do i rsvp for the site manager / content manager training?,search
what is the deadline to rsvp for the training?,search
what is the test content about?,search
what training options are available for site managers?,search
can you provide the google meet link for the april 19 session?,search
what are the key metrics for aws?,search
what is qa automation coverage?,search
how is qa automation coverage measured?,search
why is qa automation coverage important?,search
what other metrics are important for aws performance tracking?,search
what are the contact details for the site manager training session on april 17?,search
who authored the 'success metrics' content?,search
what is the date of the 'cover image test' content?,search
what is the body content of the 'site manager / content manager training option 2'?,search
what is the object type of the 'test' content?,search
what is the new microsoft competitive sales play?,search
where can i access the new microsoft competitive sales play?,search
what information is available about the new microsoft competitive sales play?,search
what are the aggregated value assessment results?,search
how can i use these data points in my conversations?,search
is there an updated simpplr sales proposal template available?,search
where can i find the new simpplr pricebook?,search
what is the new requirement for calls involving simpplr executives and leaders?,search
where can i find the executive briefing template?,search
where can i find the recording from the sam sales training session?,search
what is the google drive video link for the sam sales training session?,search
where can i find the comeen digital signage training and enablement resources?,search
what does the comeen digital signage training and enablement consist of?,search
what are the recent updates in cpq?,search
what improvements were made in the recent cpq updates?,search
how do i update my backyard notifications?,search
what is recognition from the old backyard?,search
how can i find my recognition from the old backyard?,search
what achievements are associated with the old backyard?,search
"what is the simpplr wkly sync recap for april 25, 2024?",search
"where can i find the slides mentioned in the simpplr wkly sync recap for april 25, 2024?",search
what are the differences between odin and zeus?,search
what is the latest bi-weekly status update on the next initiative?,search
where can i find regular updates on the next initiative?,search
how can i add a domain for google integrations?,search
who is allowed to add domains for google integrations?,search
what is the roadmap for shared services?,search
how to create a roadmap for shared services?,search
what are the key components of a shared services roadmap?,search
what is the zeus parity roadmap?,search
when was the last update made to the zeus parity roadmap?,search
what is the gartner 2023 magic quadrant sales play?,search
where can i access the gartner 2023 magic quadrant sales play?,search
what is a site playbook?,search
what is the purpose of a site playbook?,search
who is the site owner?,search
what are the responsibilities of a site owner?,search
what are the use cases for newsletters?,search
what are the applications of newsletters in backyard?,search
who should i contact for support regarding newsletters?,search
how can i get help with using the newsletter feature?,search
what is the date of the test event?,search
what is the purpose of this event?,search
how can i hide the ability to post in the global feed on salesforce?,search
do i need to enable or disable comments on content within each site in salesforce?,search
what are the steps to manage comments on content in salesforce?,search
what are the details of the group medical insurance policy for 2024?,search
who should i contact for further assistance regarding the group medical insurance policy?,search
what is the purpose of the support monday standup?,search
what topics are discussed during the support monday standup?,search
why is the support monday standup important?,search
how does the support monday standup benefit the team?,search
what is the simpplr platform?,search
what are the features of the simpplr platform?,search
what are the benefits of using the simpplr platform?,search
what use cases does the simpplr platform address?,search
is there a brochure available for the simpplr platform?,search
where can i find the brochure for the simpplr platform?,search
what are success plans?,search
how do we use success plans?,search
where can i learn more about success plans?,search
what are simpplr india's recent achievements?,search
what does the certification represent?,search
what is the significance of certifications for companies like simpplr india?,search
what are the updates on the backyard project timeline?,search
what are the customer sizes for 2024?,search
what are the customer categories for 2024?,search
can you provide an overview of the customer categories for 2024?,search
where can i find the login information for integration demo accounts?,search
what are the specific guidelines for using integration demo accounts?,search
what is the post titled 'test (please delete)' about?,search
what is the latest infosec slide deck?,search
what are the analytics enhancements in the ida release?,search
what is the purpose of the launchpad usage report?,search
how do you explain user research to customers?,search
can i nominate customers for user research?,search
what is the timeline for shifting to selling only aws?,search
what should i do if i have more questions about the transition to aws?,search
what are some useful demo environments?,search
what are the login details for the freight x demo environment?,search
does simpplr support anonymizing analytics data to comply with gdpr?,search
what about the data stored within salesforce?,search
how can i use custom fonts in simpplr?,search
where can i find a video guide on using custom fonts in simpplr?,search
what software does the sc team use for mobile app demos?,search
how do i get started with reflector?,search
what are the best practices for creating intro and outro segments for a video?,search
are there specific intro and outro segments recommended for videos about simpplr?,search
where can i find examples of intro and outro segments for videos?,search
what resources are available for creating video segments?,search
does simpplr support integration with cloud access security broker (casb) solutions?,search
which cloud access security broker (casb) solutions are supported by simpplr?,search
what are the differences in user experience with simpplr video?,search
what is the user experience like without simpplr video?,search
how does enabling native video affect user experience with simpplr?,search
what is the ragan women's retreat?,search
when is the ragan women's retreat scheduled?,search
where will the ragan women's retreat take place?,search
who can attend the ragan women's retreat?,search
what activities are included in the ragan women's retreat?,search
how can i register for the ragan women's retreat?,search
what is the cost of attending the ragan women's retreat?,search
are there any speakers or special guests at the ragan women's retreat?,search
what are the sponsorship details for the ragan future of communications conference?,search
what elements are included in simpplr's sponsorship for the hr tech conference?,search
who will be speaking at the core session of the hr tech conference?,search
how can i create curved gradient background images?,search
what are the best practices for designing gradient backgrounds?,search
where can i find video walkthroughs for simpplr?,search
are there any tutorials available for creating background images in simpplr?,search
what is the simpplr connect boston event?,search
when is the simpplr connect boston event?,search
where is the simpplr connect boston event being held?,search
where can i find the report on the 2024 state of internal communications?,search
is there a webinar associated with the 2024 state of internal communications report?,search
what are some tips on how to train ai to write in an executive's voice?,search
what are some specific strategies for training ai to write in an executive's voice?,search
can you provide examples of tips for training ai to write in an executive's voice?,search
what are the upcoming events about intranet innovations?,search
when is the event about intranet innovations scheduled to take place?,search
what is the focus of the 'liberating the inbox' campaign?,search
what are the goals of the 'liberating the inbox' campaign?,search
can you provide details about the objectives of the 'liberating the inbox' campaign?,search
what is the new update regarding device id and phone number masking in the sandbox?,search
how does the new update on device id and phone number masking benefit users?,search
what is the mobile app suggestion feature in simpplr when using a mobile browser?,search
how does the 'switch to the app' function work in simpplr?,search
what happens when a user taps 'switch to the app' in simpplr?,search
what are the latest bi-weekly status updates on the next initiative?,search
can i get more details about each workstream of the next initiative?,search
what happened at the q2 enterprise sales summit?,search
what topics were covered at the q2 enterprise sales summit?,search
what is the deadline for the sales ex messaging certification?,search
what materials do i need to review for the sales ex messaging certification?,search
how do i change my work arrangement?,search
what is the process for changing my work arrangement?,search
are there any additional resources for changing work arrangements?,search
what resources should i be aware of when changing my work arrangement?,search
what are the slas for internal bugs for aws tickets?,search
are there any slas for other severities or platforms?,search
what is the simplyic london event?,search
how do i create a book of business (bob) report in salesforce?,search
what resources are available for help with creating a book of business (bob) report in salesforce?,search
where can i find support for creating reports in salesforce?,search
what is the process for changing work arrangements?,search
what are the criteria for approval of work arrangement changes?,search
how do i set up a remote workspace?,search
what are the key points to consider when setting up a remote workspace?,search
what tools are needed for a remote workspace setup?,search
what best practices should i follow for a remote workspace?,search
how can i find the technical support playbook?,search
what topics are included in the technical support playbook?,search
where can i access the technical support playbook?,search
how can i customize my zoom waiting room?,search
what are the steps to customize the zoom waiting room?,search
what options are available for customizing the zoom waiting room?,search
what is the purpose of the backyard managers playbook?,search
who are the site managers for the backyard managers playbook?,search
what test content is available?,search
where can i find test content?,search
what are jira status translations?,search
where can i find the document on jira status translations?,search
how do i translate jira statuses?,search
is there a guide for jira status translations?,search
what are the changes to the sales process in sfdc?,search
what new fields have been added to the sales process in sfdc?,search
how can i deliver an rva without customer input?,search
what are the implications of delivering an rva without customer input?,search
what if the customer wants to see their specific data points?,search
how can i accommodate customer requests for specific data points in an rva?,search
what are the people & teams presentation slides?,search
where can i access the people & teams presentation slides?,search
what are the requirements for sow exceptions?,search
what are the requirements for sow discounts?,search
what are sow pricing exceptions?,search
what are the latest presentations for rko 2024?,search
what are the best practices for using files in backyard?,search
can you provide a summary of the best practices for using files in backyard?,search
"what were the key takeaways from the simpplr wkly sync on march 28, 2024?",search
"can i access the slides from the simpplr wkly sync meeting on march 28, 2024?",search
who authored the 'sample event' content?,search
how can i update information?,search
what are the detailed steps to update information?,search
what are effective strategies for content promotion in backyard?,search
how can i feature content in the home carousel?,search
what is a home carousel in content promotion?,search
what are the best practices for promoting content in a specific area?,search
is simpplr compliant with california's ccpa/cpra data privacy laws?,search
what are california's ccpa/cpra data privacy laws?,search
what does it mean for a company to be compliant with ccpa/cpra?,search
what are the implications of ccpa/cpra compliance for businesses?,search
how does ccpa/cpra affect consumer data privacy?,search
how can i enable automatic zoom recording transcriptions?,search
what are the benefits of enabling automatic zoom recording transcriptions?,search
what is a product playbook?,search
what is the purpose of a product playbook?,search
who can access the site?,search
what content is available on the site?,search
are there any restrictions on accessing the site?,search
what are the sharing permissions for the best of branding album on simpplr?,search
can i share screenshots from simpplr albums outside the platform?,search
what are the guidelines for sharing content from simpplr?,search
how can i connect to public wi-fi on my simpplr macos computer?,search
what should i do if i'm having trouble connecting to public wi-fi on my simpplr macos computer?,search
what are common issues when connecting to public wi-fi on macos?,search
how can i troubleshoot wi-fi connection issues on my simpplr macos computer?,search
where can i find the csm team's weekly running notes?,search
what is the women's retreat for top communicators?,search
what are the objectives of the women's retreat for top communicators?,search
where is the women's retreat for top communicators being held?,search
what is the schedule for the women's retreat for top communicators?,search
who will be attending the women's retreat for top communicators from simpplr?,search
what is the significance of simpplr's attendance at the women's retreat for top communicators?,search
who are the other attendees at the women's retreat for top communicators?,search
how do i create a new project in teamwork?,search
what can i expect from the april 2024 marketing mbr?,search
what is the purpose of the april 2024 marketing mbr?,search
is the april 2024 marketing mbr a mandatory meeting?,search
who is required to attend the april 2024 marketing mbr?,search
how can i access my payslip?,search
what do i need to log in to access my payslip?,search
what are the new features in the 24.03 release?,search
is there a q&a session available?,search
what resources are available for customer onboarding?,search
how can i leverage customer onboarding resources?,search
what are the new apis available in the extensibility center?,search
where can i find the new apis in the extensibility center?,search
what are desk-bound end-user personas?,search
how are desk-bound end-user personas different from frontline workers?,search
what is the ur training/refresher scheduled for february 2024?,search
where can i find information about the ur training/refresher in february 2024?,search
what are the new fields added in salesforce for workplace replacement?,search
can you explain the quality consciousness: explicit sign-offs process?,search
what are end-user personality personas?,search
can you provide more details on end-user personality personas?,search
what are the latest updates on images and social campaigns?,search
is there a video explanation available?,search
what is the ragan employee experience conference?,search
when is the ragan employee experience conference taking place?,search
where will the ragan employee experience conference be held?,search
who will be speaking at the ragan employee experience conference?,search
what topics will be covered at the ragan employee experience conference?,search
how can i register for the ragan employee experience conference?,search
what is the norwest + simpplr cio networking event?,search
when is the norwest + simpplr cio networking event taking place?,search
where will the norwest + simpplr cio networking event be held?,search
who is hosting the norwest + simpplr cio networking event?,search
what topics will be discussed at the norwest + simpplr cio networking event?,search
how can i register for the norwest + simpplr cio networking event?,search
how can i capture video transcript text in simpplr?,search
is there a workaround for capturing the full text in simpplr?,search
how do servicenow notifications work in simpplr?,search
what do i need to do to receive notifications in simpplr?,search
what does the error 'attempt to de-reference a null object' mean in simpplr?,search
how can i fix the error 'attempt to de-reference a null object' in simpplr?,search
what are common solutions for fixing errors in simpplr?,search
what is the iabc world conference?,search
when and where is the iabc world conference taking place?,search
who are the speakers at the iabc world conference?,search
what topics will be covered in the sessions at the iabc world conference?,search
what is the schedule for the sessions at the iabc world conference?,search
what is the anonymized value assessment for a shipping company?,search
what are the criteria used in the anonymized value assessment for a shipping company?,search
what are the results of the anonymized value assessment for a shipping company?,search
how can i obtain a copy of the anonymized value assessment for a shipping company?,search
what are the alternatives to workplace by meta?,search
what features does simpplr offer?,search
what are the department user persona summaries?,search
who created the department user persona summaries?,search
what is an anonymized value assessment for a software company?,search
what specific information is included in an anonymized value assessment for a software company?,search
Aarav,people
Vivaan,people
Aditya,people
Vihaan,people
Arjun,people
Sai,people
Reyansh,people
Krishna,people
Ishaan,people
Rohan,people
Kartik,people
Atharv,people
Shivansh,people
Dhruv,people
Entrepreneur,people
CEO,people
CTO,people
CFO,people
COO,people
Director,people
Vice President,people
President,people
Chairman,people
Clerk,people
Cashier,people
Customer Support,people
Python Specialist,people
Java Specialist,people
C++ Specialist,people
JavaScript Specialist,people
SQL Specialist,people
React Specialist,people
Node.js Specialist,people
HTML/CSS Specialist,people
Machine Learning Specialist,people
Deep Learning Specialist,people
Artificial Intelligence Specialist,people
Data Science Specialist,people
Big Data Specialist,people
best restaurants near me,search
weather today in Delhi,search
how to cook biryani,search
nearest petrol pump,search
train timings from Delhi to Agra,search
latest iPhone price,search
how to lose weight fast,search
cheap hotels in Goa,search
what is artificial intelligence,search
top 10 Bollywood movies,search
buy laptop online,search
distance between Mumbai and Pune,search
how to learn python,search
flights from Bangalore to Dubai,search
nearest ATM,search
pizza delivery near me,search
IPL score live,search
best MBA colleges in India,search
how to make resume,search
current gold price in India,search
restaurants open now,search
nearest hospital,search
1.2,search
3.4,search
5.6,search
7.8,search
9.1,search
10.5,search
12.3,search
14.7,search
16.8,search
18.9,search
20.2,search
22.4,search
24.6,search
26.8,search
28.9,search
30.1,search
32.3,search
34.5,search
36.7,search
38.9,search
40.2,search
42.4,search
44.6,search
46.8,search
48.9,search
50.1,search
52.3,search
54.5,search
56.7,search
58.9,search
60.2,search
62.4,search
64.6,search
66.8,search
holiday,search
benefit,search
Pratik email,people
Aarav email,people
Neha email,people
Rohit email,people
Ananya email,people
Siddharth email,people
Priya email,people
Karan email,people
Isha email,people
Amit email,people
Shreya email,people
Rahul email,people
Sneha email,people
Arjun email,people
Tanvi email,people
Vikram email,people
Madhuri email,people
Kabir email,people
Avni email,people
Ritika email,people
Harsh email,people
Pooja email,people
Manav email,people
Diya email,people
Ankit email,people
Node.js Specialist,people
HTML/CSS Specialist,people
Machine Learning Specialist,people
Deep Learning Specialist,people
Artificial Intelligence Specialist,people
Data Science Specialist,people
Big Data Specialist,people
Cloud Computing Specialist,people
AWS Specialist,people
Microsoft Azure Specialist,people
Google Cloud Specialist,people